{
  "Luton": {
    "count": 10,
    "happy": 0.3395606,
    "sad": 0,
    "anger": 0.08688989999999999,
    "fear": 0
  },
  "Bedford": {
    "count": 9,
    "happy": 0,
    "sad": 0.07210122222222222,
    "anger": 0,
    "fear": 0.06763344444444445
  },
  "Reading": {
    "count": 130,
    "happy": 0.31595017692307686,
    "sad": 0.13446252307692308,
    "anger": 0.023091861538461537,
    "fear": 0.011237484615384614
  }
}